Ticker,YF Ticker,Sector,Price (Rs),Mkt Cap (LCr),Mkt Cap Raw,P/E,Fwd P/E,PEG,PEG Method,Earn Traj,52W Pos%,ROIC%,ROE%,Int Coverage,Op Margin%,Debt/Eq,Quality Score,Momentum Score,Ret 1Mo%,Ret 3Mo%,Ret 6Mo%,Trailing Vol%,Eligible,Data Sources,Rev Q1 (1000Cr),Rev Q2 (1000Cr),Rev Q3 (1000Cr),Rev Q4 (1000Cr),Rev Growth% (CAGR),MC% of Index,Score,Rank,Conviction Score
ADANIENT,ADANIENT.NS,Materials,3060.0,4.354298609664,4354298609664.0,53.18964,46.476307,,—,-0.6678316367268966,87.60053619302948,0.8388798477368289,,2.6254350522688417,9.395000000000001,119.56,22.493632543076206,1.917795356461637,7.026683063962613,0.7905138339920903,74.06004353250889,34.95334381882324,True,PE:Yahoo | FwdPE:Yahoo | ROIC:Computed | IC:Yahoo | ET:Yahoo,3.292398,3.243931,2.481959,,,2.64290876506841,40.85,5,21.45446642563989
ADANIPORTS,ADANIPORTS.NS,Industrials,1764.6,4.065566130176,4065566130176.0,30.122908,22.573994,,—,0.012059973924380737,78.88499415790352,1.191649059237946,,6.694815494072832,44.629999999999995,64.051,63.265936904983256,0.9576256252932813,10.765174981370684,-2.5190573868051014,35.00204339086332,25.309335683315577,True,PE:Yahoo | FwdPE:Yahoo | ROIC:Computed | IC:Yahoo | ET:Yahoo,1.08208,1.073758,0.970459,0.912614,5.841848095804725,2.467658129040567,53.58,3,18.604522828207728
APOLLOHOSP,APOLLOHOSP.NS,Health Care,8836.0,1.270481158144,1270481158144.0,60.975777,40.553112,1.186247493877551,Yahoo EPS growth,0.17093023255813952,90.90715954960696,0.8233225457736881,,10.769727604605448,12.167,85.146,49.30304406423983,1.1232703818869987,-0.7023655672304341,1.8922569076617046,19.2382537544201,17.752288000465203,True,PE:Yahoo | FwdPE:Yahoo | PEG:Yahoo(Yahoo EPS growth) | ROIC:Computed | IC:Yahoo | ET:Yahoo,0.70435,0.66055,0.64774,0.58421,6.4322338571360715,0.7711381532862178,31.5,5,14.685637339303401
ASIANPAINT,ASIANPAINT.NS,Consumer Discretionary,2472.5,2.370248114176,2370248114176.0,49.74849,40.809208,0.7437460227768012,Yahoo EPS growth,0.27434908389585344,41.058918111864024,2.3002867533003633,,37.45545263804309,17.687,17.847,59.662616566511865,1.1779701388452557,-6.824694414814192,-6.191901741293182,15.183427096384406,18.683089482024382,True,PE:Yahoo | FwdPE:Yahoo | PEG:Yahoo(Yahoo EPS growth) | ROIC:Computed | IC:Yahoo | ET:Yahoo,1.052144,0.922846,0.884972,0.85137,7.312986175343195,1.438658686025672,48.31723494384822,4,32.26049426007436
AXISBANK,AXISBANK.NS,Financials,1246.0,3.879329071104,3879329071104.0,14.025214,9.849802,0.54,Yahoo,0.10918114143920601,45.86867734841345,1.5350000000000001,13.352998999999999,,49.181998,,38.788130987179954,0.5480905064658878,-4.153846153846152,-7.337374979335898,7.376289956310922,21.036919950509468,True,PE:Yahoo | FwdPE:Yahoo | PEG:Yahoo(Yahoo) | ROIC:ROA-proxy | ET:Yahoo,2.299812,2.206298,2.211329,2.216231,1.2416241073970546,2.35461867081197,39.77856110828281,6,38.17548550843573
BAJAJ-AUTO,BAJAJ-AUTO.NS,Consumer Discretionary,11678.0,3.209159245824,3209159245824.0,27.777645,24.520351,1.31,Yahoo,0.2598684210526316,80.09299987432449,3.0259166001008757,,13.608196300102774,21.514,56.352,64.78096196144612,1.74517861263834,-3.726298433635611,20.193495265541372,34.85563287443465,22.107726411878588,True,PE:Yahoo | FwdPE:Yahoo | PEG:Yahoo(Yahoo) | ROIC:Computed | IC:Yahoo | ET:Yahoo,2.087023,1.710796,1.537824,1.525364,11.015745821529578,1.9478487489269958,56.11976112451106,3,38.83420708899689
BAJFINANCE,BAJFINANCE.NS,Financials,1034.5,6.435534536704,6435534536704.0,31.742867,20.47806,0.908207745762712,Yahoo EPS growth,0.11273885350318469,63.47490347490346,,,,61.55199999999999,314.833,0.0,1.0989959222917762,-2.128666035950799,2.9609355561084794,29.855821464916808,29.103372316586206,True,PE:Yahoo | FwdPE:Yahoo | PEG:Yahoo(Yahoo EPS growth) | ET:Yahoo,1.417089,1.316266,1.286654,1.233376,4.737099926375277,3.9061470421910127,43.1,4,42.06840489326278
BAJAJFINSV,BAJAJFINSV.NS,Financials,1913.5,3.062068412416,3062068412416.0,30.30087,20.15821,0.5167832018181816,Yahoo EPS growth,0.19503546099290786,52.92642140468228,9.580207429557387,,1.9522300754681425,40.222,256.404,9.761150377340714,0.9568838467053394,-5.319148936170215,7.487925653541105,17.363202663250753,23.70439387969491,True,PE:Yahoo | FwdPE:Yahoo | PEG:Yahoo(Yahoo EPS growth) | ROIC:Computed | IC:Yahoo | ET:Yahoo,3.685928,3.348255,3.261945,3.156428,5.305321917186978,1.8585696967250112,28.03762277698132,11,24.414423536179406
BEL,BEL.NS,Industrials,404.35,2.955709251584,2955709251584.0,48.07967,35.83078,4.332267036363641,Yahoo EPS growth,0.041353383458646566,25.69892473118283,1.967454424398209,,100.0,22.134999999999998,0.273,62.337393633022316,0.1718805662173408,-2.436966052849421,-1.6758254642772807,1.060507748594075,20.348279496711598,True,PE:Yahoo | FwdPE:Yahoo | PEG:Yahoo(Yahoo EPS growth) | ROIC:Computed | IC:Yahoo | ET:Yahoo,0.554698,1.022443,0.715385,0.443974,7.704294616673302,1.7940133620298342,82.4541987107099,1,43.59022235928278
BHARTIARTL,BHARTIARTL.NS,Communication Services,1831.1,11.4236063744,11423606374400.0,38.315544,22.273615,0.7324592624999998,Yahoo EPS growth,0.15204678362573104,20.875576036866338,0.6383833172458063,20.151,6.650549807763443,32.573003,100.415,54.105056538868645,0.13199411334717318,1.0596584200656345,0.1158111058926048,4.025175411581028,22.46703975135194,True,PE:Yahoo | FwdPE:Yahoo | PEG:Yahoo(Yahoo EPS growth) | ROIC:Computed | IC:Yahoo | ET:Yahoo,5.85391,5.53832,5.39816,4.94626,5.776623543948323,6.933734252535073,50.94416300393979,1,27.185887891966086
CIPLA,CIPLA.NS,Health Care,1366.0,1.103534620672,1103534620672.0,32.789246,21.521269,,—,-0.1960174237710019,39.483540311452785,1.7969433340133834,,100.0,12.549,1.778,53.77463246836601,0.7037284235674645,-3.0655657584965468,-6.783132438789707,12.629903710315272,22.303304716961087,True,PE:Yahoo | FwdPE:Yahoo | ROIC:Computed | IC:Yahoo | ET:Yahoo,0.707702,0.646426,0.696297,0.683704,1.156571350206903,0.6698073749598737,34.67441008857202,4,11.924025912937624
COALINDIA,COALINDIA.NS,"Oil, Gas & Consumable Fuels",426.4,2.627787292672,2627787292672.0,8.431876,7.5333066,0.87,Yahoo,0.0031534688156972623,46.6913275791204,6.732309797072668,,61.427145638765495,21.113001,11.629,70.78204605650994,-0.5547223515472172,7.478980588241213,-0.3381602609588086,-2.86041660047488,18.638868904196336,True,PE:Yahoo | FwdPE:Yahoo | PEG:Yahoo(Yahoo) | ROIC:Computed | IC:Yahoo | ET:Yahoo,4.62548,4.649003,3.081817,4.29192,2.5262476762549113,1.5949760664379717,72.5,1,76.52691328230125
DRREDDY,DRREDDY.NS,Health Care,1165.5,0.970848206848,970848206848.0,29.32813,19.658901,1.59,Yahoo,0.2459250125817815,20.547945205479444,9.456083278328972,8.836999500000001,19.95398608881755,4.251,18.605,59.65968779722123,-0.3629810520576293,0.9615363263329346,-13.573708700900355,-6.535090935130128,20.65294378030743,True,PE:Yahoo | FwdPE:Yahoo | PEG:Yahoo(Yahoo) | ROIC:Computed | IC:Yahoo | ET:Yahoo,0.80705,0.75162,0.87268,0.88051,-2.862098642488553,0.5892713076073401,51.42248230772503,2,29.316288975394983
EICHERMOT,EICHERMOT.NS,Consumer Discretionary,7530.0,2.06714830848,2067148308480.0,35.84178,27.720856,4.107128605578639,Yahoo EPS growth,0.033747246144602415,60.85011185682326,4.609850533660134,,100.0,19.798,2.048,66.5714308110597,0.8984023115530377,-5.324699817690326,7.568434723391837,15.530718187856385,23.213896199236903,True,PE:Yahoo | FwdPE:Yahoo | PEG:Yahoo(Yahoo EPS growth) | ROIC:Computed | IC:Yahoo | ET:Yahoo,0.648874,0.596093,0.599983,0.607119,2.2418853611686274,1.2546875795456078,80.33333333333333,1,59.234403971086046
ETERNAL,ETERNAL.NS,Industrials,323.5,2.977944829952,2977944829952.0,718.8889,86.00841,0.3686074714285714,Yahoo EPS growth,1.0,71.15816490214951,2.1276163083714614,,5.141752577319588,0.23700001,14.826,28.40516100091651,1.454943544109622,-1.4020134160144804,22.26001229699208,41.278716934264125,29.334973527373414,True,PE:Yahoo | FwdPE:Yahoo | PEG:Yahoo(Yahoo EPS growth) | ROIC:Computed | IC:Yahoo | ET:Yahoo,2.0211,1.7292,1.6315,0.7167,41.28090424350228,1.8075095896047473,25.0,5,7.33040572451206
GRASIM,GRASIM.NS,Materials,3281.9,2.225957502976,2225957502976.0,39.21496,21.73056,0.4246691137254902,Yahoo EPS growth,0.25585284280936454,85.78032137354174,0.25600623648029963,,7.417140294891803,18.809,135.044,42.61052717894808,1.400671170008097,-2.643135498553839,6.197540291576176,28.714230944969856,22.387386215240245,True,PE:Yahoo | FwdPE:Yahoo | PEG:Yahoo(Yahoo EPS growth) | ROIC:Computed | IC:Yahoo | ET:Yahoo,4.87162,5.110111,4.431197,4.011808,6.686898085980997,1.351079271924124,46.43752872349728,2,34.0424225067593
HCLTECH,HCLTECH.NS,Information Technology,1206.1,3.263425150976,3263425150976.0,18.760303,15.05717,2.39,Yahoo,0.12296912428060347,23.476869750699898,-18.789287906836343,24.067,32.352128883774455,16.877002,7.058,47.39750166666667,0.020566969718617805,-8.085656114465156,13.679162736081075,-7.443371849996073,31.228920606990012,True,PE:Yahoo | FwdPE:Yahoo | PEG:Yahoo(Yahoo) | ROIC:Computed | IC:Yahoo | ET:Yahoo,3.4579,3.3981,3.3872,,,1.9807862778443472,46.31939205371654,3,45.84171945416738
HDFCBANK,HDFCBANK.NS,Financials,708.25,10.917006802944,10917006802944.0,15.480874,11.313898,0.89,Yahoo,0.18415300546448088,7.782043709391619,1.7500000000000002,13.838000000000001,,33.291999,,39.272007977265034,-0.06955743011024874,-0.10578279266573176,-11.241307204060579,-1.5837478053683518,21.248125618787824,True,PE:Yahoo | FwdPE:Yahoo | PEG:Yahoo(Yahoo) | ROIC:ROA-proxy | ET:Yahoo,8.534646,9.530589,6.527966,,,6.626245821491461,39.214269771514665,7,37.514103271636856
HDFCLIFE,HDFCLIFE.NS,Financials,530.0,1.151186108416,1151186108416.0,57.797165,44.3616,4.040074285714282,Yahoo EPS growth,0.05490196078431378,7.390700902151289,0.377,10.828,9.583369783920917,2.1870000000000003,15.885,83.88771099450601,-0.32901324235252805,-2.45697546439404,-7.962139017073733,-9.940900375273909,22.746576573538228,True,PE:Yahoo | FwdPE:Yahoo | PEG:Yahoo(Yahoo EPS growth) | ROIC:ROA-proxy | IC:Yahoo | ET:Yahoo,3.372679,1.981538,2.942085,2.946958,4.60048238993247,0.6987301811146142,92.52723802519182,1,100.0
HINDALCO,HINDALCO.NS,Materials,981.5,2.178770141184,2178770141184.0,13.315697,8.830986,0.18430259149560124,Yahoo EPS growth,0.2395784543325526,56.19862628082423,1.115159666515676,,11.785627653123106,13.668999000000001,72.598,51.995890677588115,0.5439362691936891,-3.3433464768238608,3.138222466883933,11.551831911300138,27.384050727494337,True,PE:Yahoo | FwdPE:Yahoo | PEG:Yahoo(Yahoo EPS growth) | ROIC:Computed | IC:Yahoo | ET:Yahoo,8.4825,7.8133,6.6521,6.6058,8.692476128138704,1.3224381741813684,45.0,3,32.727102815234694
HINDUNILVR,HINDUNILVR.NS,Consumer Staples,1927.0,4.527662563328,4527662563328.0,42.736748,36.158607,3.69,Yahoo,-0.014919011082693931,0.10796221322536502,1.275407938424122,,38.28780487804878,20.724999999999998,3.016,58.58477638712367,-0.14314566518361704,-2.053472802314038,-9.026529864005306,-5.284126309079584,22.56899293891641,True,PE:Yahoo | FwdPE:Yahoo | PEG:Yahoo(Yahoo) | ROIC:Computed | IC:Yahoo | ET:Yahoo,1.7184,1.6207,1.6235,1.5579,3.3224975527758716,2.7481346932279065,58.40636409892232,2,28.413436448870826
ICICIBANK,ICICIBANK.NS,Financials,1379.3,9.900202655744,9900202655744.0,17.82502,14.673405,0.53,Yahoo,0.10739209097958133,65.56087551299589,2.1070002,16.073999,,38.509998,,41.315773924745315,1.1946996713955653,-5.137548223650279,1.1437093657523878,15.343573345724604,17.1433223426355,True,PE:Yahoo | FwdPE:Yahoo | PEG:Yahoo(Yahoo) | ROIC:ROA-proxy | ET:Yahoo,3.836574,3.574234,3.52926,3.460487,3.4988328750762188,6.0090808463957,43.48746657643523,3,42.52253823593507
INDIGO,INDIGO.NS,Industrials,4973.0,1.922892955648,1922892955648.0,,21.379889,,—,-0.5546084176877997,51.947175631386166,4.08048189130466,,2.405360901745094,15.758,866.462,36.927173439462464,1.013495249555203,-4.986625907527708,-7.3653213161546605,26.106250792443262,30.67885785712053,True,FwdPE:Yahoo | ROIC:Computed | IC:Yahoo | ET:Yahoo,2.45841,2.24384,2.34719,2.04963,6.24934992933075,1.1671295660548546,22.308111926009452,6,0.0
INFY,INFY.NS,Information Technology,1037.7,4.20299538432,4202995384320.0,13.476623,12.971913,1.85,Yahoo,0.019453896103896143,7.41684549356224,36.73813119420545,32.0,100.0,21.173000000000002,9.541,84.31083333333333,-0.19459360272297338,-8.475929927466252,3.7285011842796756,-15.22827721848914,34.69973933642433,True,PE:Yahoo | FwdPE:Yahoo | PEG:Yahoo(Yahoo) | ROIC:Computed | IC:Yahoo | ET:Yahoo,0.05082,0.0504,0.05099,0.05076,0.03938558894820421,2.551072936547767,66.25,1,69.2015501043594
ITC,ITC.NS,Consumer Staples,259.85,3.25586386944,3255863869440.0,16.394321,15.436719,1.78,Yahoo,-0.08114558472553705,2.5453481568168654,2.541088966084834,,100.0,24.867001,3.293,66.32955780127732,-0.4951069579283279,1.702546420162676,-9.4441557590746,-7.219613802833569,18.02067226105884,True,PE:Yahoo | FwdPE:Yahoo | PEG:Yahoo(Yahoo) | ROIC:Computed | IC:Yahoo | ET:Yahoo,1.900089,1.762889,1.991824,2.137293,-3.8454233431729046,1.9761968412810642,65.33333333333334,1,32.785103618734624
JIOFIN,JIOFIN.NS,Financials,229.9,1.518062272512,1518062272512.0,71.397514,51.547085,0.3459080703947368,Yahoo EPS growth,0.7450980392156863,6.714140386571713,0.004381885063676383,,3.655652337301534,63.313997,16.286,18.278261686507673,0.2840059099741311,-4.74415244146309,-2.538319108296405,2.828374295264413,26.663271681273297,True,PE:Yahoo | FwdPE:Yahoo | PEG:Yahoo(Yahoo EPS growth) | ROIC:Computed | IC:Yahoo | ET:Yahoo,0.179471,0.086386,0.068637,0.041644,62.73486761576849,0.9214113329382406,42.126341013326424,5,40.92721998304666
JSWSTEEL,JSWSTEEL.NS,Materials,1265.0,3.08783742976,3087837429760.0,12.483963,17.36253,0.15385608267326728,Yahoo EPS growth,0.564245810055866,69.04247660187185,0.8104361244750875,,3.5574698795180724,15.299,95.374,30.36909616913879,0.8835382330953525,-3.2652712981758647,3.739884668503035,13.342179441242719,18.796527549505925,True,PE:Yahoo | FwdPE:Yahoo | PEG:Yahoo(Yahoo EPS growth) | ROIC:Computed | IC:Yahoo | ET:Yahoo,4.6662,4.9798,4.5219,4.246,3.1955855935911215,1.8742105996374812,26.53888869804839,6,15.835431138713622
KOTAKBANK,KOTAKBANK.NS,Financials,419.0,4.168067842048,4168067842048.0,20.529152,16.399218,0.94,Yahoo,0.11303960836671118,68.24512534818942,,,,34.761003,,0.0,0.902405648282663,-0.09537289039234231,7.004047043214401,18.76722767226635,20.902573691283354,True,PE:Yahoo | FwdPE:Yahoo | PEG:Yahoo(Yahoo) | ET:Yahoo,2.236606,2.075533,2.045896,,,2.529873125536163,39.2,8,37.497378270227074
LT,LT.NS,Industrials,3930.7,5.408116703232,5408116703232.0,32.573963,21.852234,1.06,Yahoo,0.06977186311787069,55.78609254275544,2.257975670020049,,12.762620656709707,10.609999,97.64,53.63986466222274,0.8731242055983973,-2.8233072246288127,-5.133464212603744,13.26995339300565,18.431811321282655,True,PE:Yahoo | FwdPE:Yahoo | PEG:Yahoo(Yahoo) | ROIC:Computed | IC:Yahoo | ET:Yahoo,6.794174,8.276216,7.14497,6.367892,2.1833944044732823,3.282539926352837,47.66838715411806,4,21.636611016016623
M&M,M&M.NS,Consumer Discretionary,3107.0,3.730768396288,3730768396288.0,18.903625,19.722187,1.26,Yahoo,0.16703116457080372,22.354062930395166,1.3121916848224289,,4.420572897178277,17.031,125.278,37.064017299157456,0.49008534794064457,-5.33211456429007,2.308006760898529,6.258780606775938,23.650768625855367,True,PE:Yahoo | FwdPE:Yahoo | PEG:Yahoo(Yahoo) | ROIC:Computed | IC:Yahoo | ET:Yahoo,5.753344,5.489155,5.157995,4.543588,8.186681450847445,2.2644474756752215,43.33333333333333,5,28.061503164558903
MARUTI,MARUTI.NS,Consumer Discretionary,12400.0,3.898591674368,3898591674368.0,27.173912,20.466705,0.77,Yahoo,-0.04555629248880786,3.8498742503385563,3.8023126799637446,,93.97653958944281,4.828,0.096,52.58772332443811,0.460680008666931,-8.466819221967958,-11.267917834494433,1.7758350682580026,22.233772027280093,True,PE:Yahoo | FwdPE:Yahoo | PEG:Yahoo(Yahoo) | ROIC:Computed | IC:Yahoo | ET:Yahoo,5.17082,5.15675,4.75372,3.79889,10.824105297369035,2.36631040524917,59.188568912703204,2,41.41971089374316
MAXHEALTH,MAXHEALTH.NS,Health Care,1037.7,1.010004000768,1010004000768.0,69.45783,44.398064,,—,-0.1712871287128713,42.23894637817498,0.2779647183556881,,11.283389136904763,19.728,32.367,52.15412990253707,0.2921439746856968,-0.42222670733568224,-7.943846950615663,8.027034340886875,28.921565325154138,True,PE:Yahoo | FwdPE:Yahoo | ROIC:Computed | IC:Yahoo | ET:Yahoo,0.236617,0.214289,0.206752,0.213547,3.4786664012308455,0.6130375212346517,48.59003597866963,3,20.09950009537925
NESTLEIND,NESTLEIND.NS,Consumer Staples,1383.3,2.667437359104,2667437359104.0,69.93428,55.71974,2.1841654869273475,Yahoo EPS growth,0.127553842264914,58.40686274509803,0.9236771021991209,,44.11168537511104,21.170999,8.621,57.32645324978777,1.2877217127206904,-7.564313476236217,-1.0852780302098575,18.31371338310266,20.09597772849845,True,PE:Yahoo | FwdPE:Yahoo | PEG:Yahoo(Yahoo EPS growth) | ROIC:Computed | IC:Yahoo | ET:Yahoo,0.636327,0.564352,0.507396,0.544764,5.315101430635072,1.6190422863972784,56.639405169189075,3,27.298294157601603
NTPC,NTPC.NS,Utilities,333.4,3.23286859776,3232868597760.0,10.192602,11.832753,1.0049735424657542,Yahoo EPS growth,0.05887096774193545,18.057663125948377,0.37267665964353447,,4.979838797683899,18.428,118.127,35.03090878771756,-0.6801131376668367,2.9326646309118853,-5.509171530307844,-9.07823547951294,17.66015012094729,True,PE:Yahoo | FwdPE:Yahoo | PEG:Yahoo(Yahoo EPS growth) | ROIC:Computed | IC:Yahoo | ET:Yahoo,5.074096,4.968777,4.584568,4.706536,2.538217832962819,1.9622395061218914,17.5,2,12.06371731641295
ONGC,ONGC.NS,"Oil, Gas & Consumable Fuels",232.5,2.92491493376,2924914933760.0,6.7196536,5.5963416,0.5456433059999994,Yahoo EPS growth,0.05128205128205133,6.073888541014395,-6.6139488479970465,,12.016058921850696,2.931,42.548,35.77583333333333,-0.878200969726597,0.7288022146014983,-0.6005215544867881,-17.973171080443695,21.295778460444563,True,PE:Yahoo | FwdPE:Yahoo | PEG:Yahoo(Yahoo EPS growth) | ROIC:Computed | IC:Yahoo | ET:Yahoo,20.498735,17.380519,16.742293,15.791108,9.086620053568971,1.7753222754078184,15.0,3,9.133572045236207
POWERGRID,POWERGRID.NS,Utilities,269.1,2.502792577024,2502792577024.0,13.178257,13.862217,,—,-0.003846153846153821,25.483655770513707,0.28970439480783094,,4.182948309272612,55.737996,150.813,49.7460535642138,-0.6046749859745101,2.10586931041965,-6.007678107863179,-9.118540845473976,18.56271619670867,True,PE:Yahoo | FwdPE:Yahoo | ROIC:Computed | IC:Yahoo | ET:Yahoo,1.149672,1.166561,1.239509,1.119622,0.8867604964400755,1.5191085940418092,76.0,1,62.81383341319411
RELIANCE,RELIANCE.NS,"Oil, Gas & Consumable Fuels",1257.5,,,22.780796,17.61476,0.82,Yahoo,-0.1120300751879699,2.1270718232044326,2.0614905950177675,,8.400232790156302,12.331,36.653,49.13766627099191,-0.23463062488283684,-1.5270164447924839,-2.813202235663159,-5.996416865316534,19.048666058643672,True,PE:Yahoo | FwdPE:Yahoo | PEG:Yahoo(Yahoo) | ROIC:Computed | IC:Yahoo | ET:Yahoo,30.9468,29.4059,26.4905,24.3632,8.299671492508075,,59.542472534319664,2,61.33993815041886
SBILIFE,SBILIFE.NS,Financials,1684.7,1.690342916096,1690342916096.0,64.94603,48.24095,2.2005294884615374,Yahoo EPS growth,0.10961214165261389,2.971800433839489,0.349,13.703000000000001,100.0,1.711,,89.13892793608322,-0.1034881809796338,-3.205978099863549,-4.587415882649893,-5.21015557937482,19.36624511649005,True,PE:Yahoo | FwdPE:Yahoo | PEG:Yahoo(Yahoo EPS growth) | ROIC:ROA-proxy | IC:Yahoo | ET:Yahoo,4.635033,0.409492,4.611025,3.901294,5.9127026160472385,1.0259797293199753,87.4,2,93.99057909851464
SHRIRAMFIN,SHRIRAMFIN.NS,Financials,1028.6,2.420341997568,2420341997568.0,18.147493,11.584566,0.39346395763313624,Yahoo EPS growth,0.14721254355400692,77.27726818635907,,18.495001,,68.518996,276.215,43.24649302493653,0.8229868725570986,-7.324988471015203,-0.7418892927450127,18.61236211753903,31.51611702865249,True,PE:Yahoo | FwdPE:Yahoo | PEG:Yahoo(Yahoo EPS growth) | ET:Yahoo,0.792282,0.711222,0.673388,0.599937,9.712989083040814,1.4690639419259437,32.028958140473236,10,29.092500512585932
SBIN,SBIN.NS,Financials,995.7,9.1909259264,9190925926400.0,10.649198,9.493624,0.53,Yahoo,0.060860534759358306,42.214700193423596,1.1320000000000001,15.177,,35.717,,40.53000658697704,0.5006341887123511,-6.06603658424234,-3.0382716394260156,3.4967896963731038,19.101424745304296,True,PE:Yahoo | FwdPE:Yahoo | PEG:Yahoo(Yahoo) | ROIC:ROA-proxy | ET:Yahoo,9.781429,10.112559,10.686578,,,5.578574385336301,38.96708942024716,9,37.22439353667914
SUNPHARMA,SUNPHARMA.NS,Health Care,1840.0,4.414776016896,4414776016896.0,36.493458,28.512602,1.04,Yahoo,0.13684210526315788,58.52876327921426,2.1377224767273684,,55.61476498185359,23.247999,5.517,63.80646656805502,0.7563405394459667,-7.295447665552935,-0.9491371143253602,4.986475920284472,16.23861600071595,True,PE:Yahoo | FwdPE:Yahoo | PEG:Yahoo(Yahoo) | ROIC:Computed | IC:Yahoo | ET:Yahoo,1.518355,1.455975,1.546907,1.378607,3.2708174822825287,2.6796164610696267,53.0,1,30.474784761660366
TCS,TCS.NS,Information Technology,2200.8,,,16.0,13.54346,2.88,Yahoo,0.023107456762120716,16.312263326536574,2.705583907688397,47.743,61.89079054604727,23.963,10.211,66.01697997375176,0.09767812173011907,-8.27324619515396,8.927734851973534,-4.918754347595645,34.342304992582164,True,PE:Yahoo | FwdPE:Yahoo | PEG:Yahoo(Yahoo) | ROIC:Computed | IC:Yahoo | ET:Yahoo,7.2275,7.0698,6.7087,6.3437,4.443597217230866,,63.26414334129999,2,65.70195259679885
TATACONSUM,TATACONSUM.NS,Consumer Staples,991.0,0.980782743552,980782743552.0,59.879158,41.424328,0.55,Yahoo,0.13757396449704137,1.017984390906006,0.6927815227181082,,21.250675034663942,10.458,12.159,47.15777818620742,0.11943445778976908,-4.48192771084337,-7.865375372461436,-1.5189686695728843,24.808242915004858,True,PE:Yahoo | FwdPE:Yahoo | PEG:Yahoo(Yahoo) | ROIC:Computed | IC:Yahoo | ET:Yahoo,0.534888,0.543362,0.5112,0.477891,3.82724595231152,0.5953012280343917,23.666666666666664,4,6.488928108174121
TMPV,TMPV.NS,Consumer Discretionary,301.1,1.108918665216,1108918665216.0,,6.3175306,0.27,Yahoo,0.56,1.5267175572519107,16.220696083431527,,8.707110010611956,2.688,70.364,58.890593125605456,0.1684229839132584,-2.5093086763295913,-14.508803047251984,2.497540263479303,29.72782469159633,True,FwdPE:Yahoo | PEG:Yahoo(Yahoo) | ROIC:Computed | IC:Yahoo | ET:Yahoo,9.4827,10.4923,6.9605,7.1714,9.759643584382216,0.6730753039175422,33.05426268673921,7,13.83155992015658
TATASTEEL,TATASTEEL.NS,Materials,183.0,2.28279975936,2282799759360.0,20.701357,10.223464,,—,-0.12650602409638556,35.654336338203294,0.48774928165854614,,4.9915892988198785,9.252,89.017,28.204832791522026,-0.09376414535170421,-0.7323059716947244,-2.6906293865165076,-2.6509068302229877,20.46198844272185,True,PE:Yahoo | FwdPE:Yahoo | ROIC:Computed | IC:Yahoo | ET:Yahoo,6.041178,6.268731,5.664605,5.821604,1.241753216252972,1.3855805569967918,44.148118611318495,4,23.868654209740455
TECHM,TECHM.NS,Information Technology,1541.0,1.365169012736,1365169012736.0,26.665512,17.69093,1.86,Yahoo,0.14219114219114226,43.08056010183671,-0.3131683667028386,,27.08476585655009,14.408999999999999,7.269,45.34083333333333,0.6535527447584749,-5.343980343980348,12.554019611916512,14.237447802395442,29.96151160471715,True,PE:Yahoo | FwdPE:Yahoo | PEG:Yahoo(Yahoo) | ROIC:Computed | IC:Yahoo | ET:Yahoo,1.57119,1.50761,1.43932,1.33512,5.577036705221383,0.8286104084713142,32.5,5,29.644588943473394
TITAN,TITAN.NS,Consumer Discretionary,5009.5,4.444991258624,4444991258624.0,76.92721,56.3325,0.8963644890038811,Yahoo EPS growth,0.31422764227642275,90.59248248035678,0.9630219429827943,,7.433050847457627,12.333999599999999,195.001,41.60232123300333,1.2650701330722867,-1.8207099428070528,14.122114690352827,27.193850731465407,22.935140049357685,True,PE:Yahoo | FwdPE:Yahoo | PEG:Yahoo(Yahoo EPS growth) | ROIC:Computed | IC:Yahoo | ET:Yahoo,2.0787,2.0607,2.4915,1.4814,11.95405417668194,2.697956068515096,40.409376533131436,6,25.59803788630852
TRENT,TRENT.NS,Industrials,2802.4,1.494330114048,1494330114048.0,82.64229,55.00452,1.4594443366069503,Yahoo EPS growth,0.18844336375267157,20.191449148171966,0.8625164012305037,,22.28019008019008,12.49,36.034,49.778657490339526,0.9383355512504464,-2.6910657532551063,-14.628653537644109,27.7326134941799,32.42302735614328,True,PE:Yahoo | FwdPE:Yahoo | PEG:Yahoo(Yahoo EPS growth) | ROIC:Computed | IC:Yahoo | ET:Yahoo,0.575471,0.502799,0.534506,0.481768,6.103203796507639,0.9070067329690764,59.76708495963311,2,29.272198558649983
ULTRACEMCO,ULTRACEMCO.NS,Materials,11000.0,3.235865952256,3235865952256.0,37.878788,25.455479,1.22,Yahoo,0.08385093167701861,24.236983842010773,0.39972534134525906,,9.547621545512271,15.478,29.432,47.987932676774925,0.4456528189291865,-3.9301310043668103,-0.25301587627689637,4.462798389952272,18.83288748063031,True,PE:Yahoo | FwdPE:Yahoo | PEG:Yahoo(Yahoo) | ROIC:Computed | IC:Yahoo | ET:Yahoo,2.46482,2.579947,2.182968,2.127545,5.027288046566514,1.9640587967079601,80.68294832040354,1,65.3765266565181
WIPRO,WIPRO.NS,Information Technology,167.4,1.656093147136,1656093147136.0,13.296267,12.043685,1.38,Yahoo,0.05200158856235108,2.075226977950721,13.126346093880489,16.128999,25.311543810848402,15.698,27.398,72.11924614779247,-0.01923990636642325,-9.26829599106538,-0.6327652687307284,-9.767732674865059,25.958373928018545,True,PE:Yahoo | FwdPE:Yahoo | PEG:Yahoo(Yahoo) | ROIC:Computed | IC:Yahoo | ET:Yahoo,2.44786,2.42363,2.35558,2.26973,2.5504237440910016,1.0051913032839077,35.92886375061531,4,33.66341650522332
